key,data_type,n,Ham,genscore_data,rob_minTPS_list,pred_minTPS_list
test1,genscore,3,$H_{is}$,"[0.09130681980959557, 0.09581016608678972, 0.10531637056495718, 0.8884844250722732, 8.233624929981379e-05, 0.00022309944278919218, 100, 100, 1.2388949677279133e-08, 1.2697778617742941e-08]",,
test2,genscore,3,$H_{is}$,"[0.09392595016791516, 0.09828505219394157, 0.11387413295077839, 0.8948717932098749, 0.00015407278614570918, 0.0003215703238548393, 1000, 10, 1.135426664200142e-08, 1.2294839618144478e-08]",,
test_0403_1245,genscore,3,$H_{is}$,"[0.09235920037740691, 0.09719442558778969, 0.11370039344962311, 0.8966367511266878, 0.00033322351145722196, 0.0003354709041960005, 100, 200, 1.137963273513307e-08, 1.2036214613482877e-08]",,
3qubits_$H_{is}$_0404_1022,genscore,3,$H_{is}$,"[0.09049423399232466, 0.09562041703371875, 0.10567580644393305, 0.11238580798015817, 0.0002068928804281135, 0.00022580130003409937, 10000, 1000, 1.199893924544875e-08, 1.2188189037716437e-08]",,
test_0404_1557,genscore,3,$H_{is}$,"[0.09117671948507128, NaN, 0.10597049510236, 0.11250227861167096, 0.00020612163377099752, 0.00022345279985553485, 10000, 1000, 1.0597049510236e-08, 1.1250227861167096e-08]",,
test_0404_1621_25,genscore,3,$H_{is}$,"[0.09052296174617018, 0.09587904902361115, 0.10579858241386321, 0.11262892251122356, 0.0002099828750200796, 0.00022894549808447689, 10000, 1000, 1.057985824138632e-08, 1.1262892251122354e-08]",,
